<?xml version="1.0" encoding="UTF-8"?>

<beans xmlns = "http://www.springframework.org/schema/beans"	   
       xmlns:xsi = "http://www.w3.org/2001/XMLSchema-instance"
       xmlns:context="http://www.springframework.org/schema/context"
       xsi:schemaLocation = "http://www.springframework.org/schema/beans
       http://www.springframework.org/schema/beans/spring-beans-4.0.xsd
       http://www.springframework.org/schema/context
       http://www.springframework.org/schema/context/spring-context-4.0.xsd" >
   
 	   <context:component-scan base-package="com.sai.Mavensprng"></context:component-scan>
<!--    <bean id = "earnings" class = "com.sai.Mavensprng.Sidearn" abstract="false" >
      <property name="company" value="PAREXEL"/>
      <constructor-arg value="${sidearn.value}"/>
      <property name="sal" ref="salobj"/>
      
   </bean> -->
   
   <bean id="sal" class="com.sai.Mavensprng.Income">
   		<property name="salary" value="${income}" >   			
   		</property>
   </bean>
   
   <bean class="com.sai.Mavensprng.Factorypsost" />
   <bean class="org.springframework.beans.factory.config.PropertyPlaceholderConfigurer">
   		<property name="locations" value="Props"/>
   </bean>
   
</beans>  